<application>
  <component name="VimEditorSettings">
    <editor />
  </component>
  <component name="VimHistorySettings">
    <history>
      <history-search />
      <history-cmd>
        <entry>w</entry>
        <entry>qa</entry>
      </history-cmd>
      <history-expr />
      <history-input />
    </history>
  </component>
  <component name="VimKeySettings">
    <shortcut-conflicts>
      <shortcut-conflict owner="vim">
        <text>ctrl pressed R</text>
      </shortcut-conflict>
      <shortcut-conflict owner="vim">
        <text>ctrl pressed F</text>
      </shortcut-conflict>
    </shortcut-conflicts>
  </component>
  <component name="VimMarksSettings">
    <globalmarks />
    <filemarks>
      <file name="$USER_HOME$/Projects/python/scratchpad/main.py" timestamp="1588343573573">
        <mark key="[" line="0" column="0" />
        <mark key="]" line="1" column="29" />
        <mark key="^" line="1" column="29" />
        <mark key="." line="1" column="28" />
      </file>
      <file name="$USER_HOME$/Projects/python/scratchpad/scratch.py" timestamp="1588343147181">
        <mark key="[" line="0" column="0" />
        <mark key="]" line="0" column="0" />
        <mark key="^" line="0" column="4" />
        <mark key="." line="0" column="0" />
      </file>
      <file name="/" timestamp="1588342944159">
        <mark key="[" line="0" column="0" />
      </file>
    </filemarks>
    <jumps>
      <jump line="2" column="3" filename="$USER_HOME$/Projects/python/scratchpad/scratch.py" />
      <jump line="1" column="0" filename="$USER_HOME$/Projects/python/scratchpad/scratch.py" />
      <jump line="4" column="9" filename="$USER_HOME$/Projects/python/scratchpad/scratch.py" />
      <jump line="0" column="4" filename="$USER_HOME$/Projects/python/scratchpad/scratch.py" />
    </jumps>
  </component>
  <component name="VimRegisterSettings">
    <registers>
      <register name="1" type="2">
        <text encoding="base64">Zm9yIGkgaW4gcmFuZ2UoMTAwMCk6CiAgICBwcmludChpKQogICAgCndoaWxlIGkgbm90IGluIHJhZ2UoMTAwMCk6CiAgICBwcmludChhbm90aGVyIGkpCiAgICA=</text>
      </register>
      <register name="&quot;" type="2">
        <text encoding="base64">Zm9yIGkgaW4gcmFuZ2UoMTAwMCk6CiAgICBwcmludChpKQogICAgCndoaWxlIGkgbm90IGluIHJhZ2UoMTAwMCk6CiAgICBwcmludChhbm90aGVyIGkpCiAgICA=</text>
      </register>
      <register name=":" type="4">
        <text>qa</text>
      </register>
    </registers>
  </component>
  <component name="VimSearchSettings">
    <search>
      <last-dir>0</last-dir>
      <show-last>false</show-last>
    </search>
  </component>
  <component name="VimSettings">
    <state version="6" enabled="true" />
    <notifications>
      <idea-join enabled="false" />
      <idea-put enabled="false" />
    </notifications>
  </component>
</application>